https://www.youtube.com/watch?v=zZOJqmne1bs, –£—Ä–∞!!!Ôªø
https://www.youtube.com/watch?v=zZOJqmne1bs, –ö—Ä—É—Ç–∞—è –º–æ—Ç–∏–≤–∏—Ä—É—é—â–∞—è –ª–µ–∫—Ü–∏—è!Ôªø
https://www.youtube.com/watch?v=zZOJqmne1bs, –û—á–µ–Ω—å –∏–Ω—Ç–µ—Ä–µ—Å–Ω—ã–π —á–µ–ª–æ–≤–µ–∫, –∏–Ω—Ç–µ—Ä–µ—Å–Ω–æ —Å–ª—É—à–∞—Ç—å!Ôªø
https://www.youtube.com/watch?v=zZOJqmne1bs, The best! üí™Ôªø
https://www.youtube.com/watch?v=zZOJqmne1bs, –ü—Ä—è–º –∞–ª—å—Ñ–∞—áÔªø
https://www.youtube.com/watch?v=zZOJqmne1bs, 42:25 - –ü–µ—Ä–µ–¥ –º–∞—Ä–∞—Ñ–æ–Ω–æ–º
43:20 - –†–∞–∑–º–∏–Ω–∫–∞
46:07 - –ó–∞–≤—Ç—Ä–∞–∫ –ø–µ—Ä–µ–¥ —Å—Ç–∞—Ä—Ç–æ–º
49:39 - –ú–∞–ª–µ–Ω—å–∫–∞—è —Ö–∏—Ç—Ä–æ—Å—Ç—å
51:21 - –°—É–¥–æ—Ä–æ–≥–∏Ôªø
